text,label
  on working with her husband i have someone looking out for me both at work and at home he is able to support me the…
 watch enteainment buzz on   
  no more holding back tell your love to everyone see who loves back   
"   reviewing 2019 box office releases is available at 

  "
" reviewing 2019 box office releases is available at 

  "
today on living with ess we are talking movies watch the episode on   
today on living with ess we are talking movies watch the episode on   
"one of my favorite looks on for livingwithess 

makeup by 

  … "
"one of my favorite looks on for livingwithess 

makeup by 

  … "
"one of my favorite looks on for livingwithess 

makeup by 

  … "
 vital things to look for in a maternity insurance cover  
  if you keep comparing yourself to everyone else youll never see the good in yourself  loryne awiti  htt…
"watch living with ess on 

todays show on the vital things to look for in a maternity insur… "
  watch  hosted by sharon mundia 
  watch  hosted by sharon mundia 
"watch living with ess on 

todays show on the vital things to look for in a maternity insur… "
  watch  hosted by sharon mundia 
watch  hosted by sharon mundia 
  it’s important for parents to understand that there are other things young people can do not being gifted in academics isn…
"  on dealing with fear of missing out
 
your fun may not be my fun coming to terms with that helped me now i can have my own…"
"  on dealing with fear of missing out

your fun may not be my fun coming to terms with that helped me now i can have my…"
"  on dealing with fear of missing out

your fun may not be my fun coming to terms with that helped me now i can have my…"
  if you keep comparing yourself to everyone else youll never see the good in yourself  loryne awiti  htt…
"  on dealing with fear of missing out
 
your fun may not be my fun coming to terms with that helped me now i can have my own…"
"  on dealing with fear of missing out
 
your fun may not be my fun coming to terms with that helped me now i can have my own…"
  if you keep comparing yourself to everyone else youll never see the good in yourself  loryne awiti  
if you keep comparing yourself to everyone else youll never see the good in yourself  loryne awiti  
if you keep comparing yourself to everyone else youll never see the good in yourself  loryne awiti  
"on dealing with fear of missing out
 
your fun may not be my fun coming to terms with that helped me now i can ha… "
  watch  with sharon mundia 
  it’s important for parents to understand that there are other things young people can do not being gifted in academics isn…
"on dealing with fear of missing out

your fun may not be my fun coming to terms with that helped me now i can hav… "
  it’s important for parents to understand that there are other things young people can do not being gifted in academics isn…
  lorraine awiti explains from her experience three challenges teenagers face  
  lorraine awiti explains from her experience three challenges teenagers face  
lorraine awiti explains from her experience three challenges teenagers face  
  it’s important for parents to understand that there are other things young people can do not being gifted in academics isn…
  issues that present themselves in mental health among teenagers and adolescents  
  it’s important for parents to understand that there are other things young people can do not being gifted in academics isn…
  issues that present themselves in mental health among teenagers and adolescents  
issues that present themselves in mental health among teenagers and adolescents  
it’s impoant for parents to understand that there are other things young people can do not being gifted in aca… 
it’s impoant for parents to understand that there are other things young people can do not being gifted in aca… 
  in my early teenage days i was a tomboy one of my struggles was self esteem because i felt like i was the duff  lorraine aw…
  in my early teenage days i was a tomboy one of my struggles was self esteem because i felt like i was the duff  lorraine aw…
  in my early teenage days i was a tomboy one of my struggles was self esteem because i felt like i was the duff  lorraine aw…
  peer pressure is always there when i was in form four i wanted to join my peers to go dance the then popular break dance…
  peer pressure is always there when i was in form four i wanted to join my peers to go dance the then popular break dance…
in my early teenage days i was a tomboy one of my struggles was self esteem because i felt like i was the duff  l… 
peer pressure is always there when i was in form four i wanted to join my peers to go dance the then popular bre… 
  watch  with sharon mundia 
  watch  with sharon mundia 
  watch  with sharon mundia 
watch  with sharon mundia 
understanding the language of boys and girls in their teens    
  …
… 
"do you know the name of this football manager

  … "
  today’s  is about understanding the language of boys and girls in their teens watch the show on 
  today’s  is about understanding the language of boys and girls in their teens watch the show on 
  watch  hosted by sharon mundia 
  today on  we are in the kitchen grab your breakfast and enjoy the show on  
   sharon mundia and chepchikoni cooked up a storm on  watch the full episode here 
  watch  hosted by sharon mundia 
  watch  hosted by sharon mundia 
today’s  is about understanding the language of boys and girls in their teens watch the show on… 
today’s  is about understanding the language of boys and girls in their teens watch the show on… 
  watch  hosted by sharon mundia 
watch  hosted by sharon mundia 
  most bachelors eat a lot of junk and unhealthy foods reveals  
   sharon mundia and chepchikoni cooked up a storm on  watch the full episode here 
   sharon mundia and chepchikoni cooked up a storm on  watch the full episode here 
 sharon mundia and chepchikoni cooked up a storm on  watch the full episode here… 
most bachelors eat a lot of junk and unhealthy foods reveals  
today on  we are in the kitchen grab your breakfast and enjoy the show on  
today on  we are in the kitchen grab your breakfast and enjoy the show on  
  no more holding back tell your love to everyone see who loves back   
  no more holding back tell your love to everyone see who loves back   
  no more holding back tell your love to everyone see who loves back   
damn you girl courageous as hell just loving this pa though   
"  an exited gets matatu driving lesson in the streets of nairobi 

full video "
"  good morning today on living with ess we are discussing mothers day which is this  coming sunday

do you have any spe…"
  watch  hosted by sharon mundia 
"good morning today on living with ess we are discussing mothers day which is this  coming sunday

do you have an… "
  watch  hosted by sharon mundia 
"good morning today on living with ess we are discussing mothers day which is this  coming sunday

do you have an… "
watch  hosted by sharon mundia 
